<imageUrl>
  <url>01\34_0001.png</url>
  <url>01\plain2_f_01.png</url>
  <url>01\plain2_f_02.png</url>
  <url>01\plain2_f_03.png</url>
  <url>01\plain2_f_04.png</url>
  <url>01\plain2_f_05.png</url>
  <url>01\plain2_f_06.png</url>
  <url>01\plain2_f_07.png</url>
  <url>01\plain2_f_08.png</url>
  <url>01\plain2_f_09.png</url>
  <url>01\plain2_f_10.png</url>
  <url>01\plain2_f_11.png</url>
  <url>01\plain2_f_12.png</url>
  <url>01\plain2_f_13.png</url>
  <url>01\plain2_f_14.png</url>
  <url>01\plain2_f_15.png</url>
  <url>01\plain2_f_16.png</url>
  <url>01\plain_f_01.png</url>
  <url>01\plain_f_02.png</url>
  <url>01\plain_f_03.png</url>
  <url>01\plain_f_04.png</url>
  <url>01\plain_f_05.png</url>
  <url>01\plain_f_06.png</url>
  <url>01\plain_f_07.png</url>
  <url>01\plain_f_08.png</url>
  <url>01\plain_f_09.png</url>
  <url>01\plain_f_10.png</url>
  <url>01\plain_f_11.png</url>
  <url>01\plain_f_12.png</url>
  <url>01\plain_f_13.png</url>
  <url>01\plain_f_14.png</url>
  <url>01\plain_f_15.png</url>
  <url>01\plain_f_16.png</url>
  <url>01_zhongjing\plain_01.png</url>
  <url>01_zhongjing\plain_02.png</url>
  <url>01_zhongjing\plain_03.png</url>
  <url>01_zhongjing\plain_04.png</url>
  <url>01_zhongjing\plain_05.png</url>
  <url>01_zhongjing\plain_06.png</url>
  <url>01_zhongjing\plain_07.png</url>
  <url>01_zhongjing\plain_08.png</url>
  <url>01_zhongjing\plain_09.png</url>
  <url>01_zhongjing\plain_10.png</url>
  <url>01_zhongjing\plain_11.png</url>
  <url>01_zhongjing\plain_12.png</url>
  <url>01_zhongjing\plain_13.png</url>
  <url>01_zhongjing\plain_14.png</url>
  <url>01_zhongjing\plain_15.png</url>
  <url>01_zhongjing\plain_16.png</url>
  <url>01_zhongjing\plain_17.png</url>
  <url>01_zhongjing\plain_18.png</url>
  <url>01_zhongjing\plain_19.png</url>
  <url>01_zhongjing\plain_20.png</url>
  <url>01_zhongjing\plain_21.png</url>
  <url>01_zhongjing\plain_22.png</url>
  <url>01_zhongjing\plain_23.png</url>
  <url>01_zhongjing\plain_24.png</url>
  <url>01_zhongjing\plain_25.png</url>
  <url>01_zhongjing\plain_26.png</url>
  <url>01_zhongjing\plain_27.png</url>
  <url>01_zhongjing\plain_28.png</url>
  <url>01_zhongjing\plain_29.png</url>
  <url>01_zhongjing\plain_30.png</url>
  <url>01_zhongjing\plain_31.png</url>
  <url>01_zhongjing\plain_32.png</url>
  <url>01_zhongjing\plain_33.png</url>
  <url>01_zhongjing\plain_34.png</url>
  <url>01_zhongjing\plain_35.png</url>
  <url>01_zhongjing\plain_36.png</url>
  <url>01_zhongjing\plain_37.png</url>
  <url>01_zhongjing\plain_38.png</url>
  <url>02\1.png</url>
  <url>02\10.png</url>
  <url>02\11.png</url>
  <url>02\12.png</url>
  <url>02\2.png</url>
  <url>02\3.png</url>
  <url>02\4.png</url>
  <url>02\5.png</url>
  <url>02\6.png</url>
  <url>02\7.png</url>
  <url>02\8.png</url>
  <url>02\9.png</url>
  <url>02\share_01.png</url>
  <url>02\share_02.png</url>
  <url>02\share_03.png</url>
  <url>02\share_04.png</url>
  <url>02\woods1_f_01.png</url>
  <url>02\woods1_f_02.png</url>
  <url>02\woods1_f_03.png</url>
  <url>02\woods1_f_04.png</url>
  <url>02\woods1_f_05.png</url>
  <url>02\woods1_f_06.png</url>
  <url>02\woods1_f_07.png</url>
  <url>02\woods1_f_08.png</url>
  <url>02\woods1_f_09.png</url>
  <url>02\woods1_f_10.png</url>
  <url>02\woods1_f_11.png</url>
  <url>02\woods1_f_12.png</url>
  <url>02\woods1_f_13.png</url>
  <url>02\woods1_f_14.png</url>
  <url>02\woods1_f_15.png</url>
  <url>02\woods1_f_16.png</url>
  <url>02\woods2_f_01.png</url>
  <url>02\woods2_f_02.png</url>
  <url>02\woods2_f_03.png</url>
  <url>02\woods2_f_04.png</url>
  <url>02\woods2_f_05.png</url>
  <url>02\woods3_f_01.png</url>
  <url>02\woods3_f_02.png</url>
  <url>02\woods3_f_03.png</url>
  <url>02\woods3_f_04.png</url>
  <url>02\woods3_f_05.png</url>
  <url>02\woods3_f_06.png</url>
  <url>02\woods3_f_07.png</url>
  <url>02\woods3_f_08.png</url>
  <url>02\woods4_f_01.png</url>
  <url>02\woods4_f_02.png</url>
  <url>02\woods4_f_03.png</url>
  <url>02\woods4_f_04.png</url>
  <url>02\woods4_f_05.png</url>
  <url>02\woods4_f_06.png</url>
  <url>02\woods4_f_07.png</url>
  <url>02\woods4_f_08.png</url>
  <url>02\woods4_f_09.png</url>
  <url>02\woods4_f_10.png</url>
  <url>02\woods4_f_11.png</url>
  <url>02\woods4_f_12.png</url>
  <url>02\woods4_f_13.png</url>
  <url>02\woods4_f_14.png</url>
  <url>02\woods4_f_15.png</url>
  <url>02_zhongjing\tree2_01.png</url>
  <url>02_zhongjing\tree2_02.png</url>
  <url>02_zhongjing\tree2_03.png</url>
  <url>02_zhongjing\tree2_04.png</url>
  <url>02_zhongjing\tree2_05.png</url>
  <url>02_zhongjing\tree2_06.png</url>
  <url>02_zhongjing\tree2_07.png</url>
  <url>02_zhongjing\tree2_08.png</url>
  <url>02_zhongjing\tree2_09.png</url>
  <url>02_zhongjing\tree2_10.png</url>
  <url>02_zhongjing\tree2_11.png</url>
  <url>02_zhongjing\tree2_12.png</url>
  <url>02_zhongjing\tree2_13.png</url>
  <url>02_zhongjing\tree2_14.png</url>
  <url>02_zhongjing\tree2_15.png</url>
  <url>02_zhongjing\tree2_16.png</url>
  <url>02_zhongjing\tree2_17.png</url>
  <url>02_zhongjing\tree2_18.png</url>
  <url>02_zhongjing\tree2_19.png</url>
  <url>02_zhongjing\tree2_20.png</url>
  <url>02_zhongjing\tree_01.png</url>
  <url>02_zhongjing\tree_02.png</url>
  <url>02_zhongjing\tree_03.png</url>
  <url>02_zhongjing\tree_04.png</url>
  <url>02_zhongjing\tree_05.png</url>
  <url>02_zhongjing\tree_06.png</url>
  <url>02_zhongjing\tree_07.png</url>
  <url>02_zhongjing\tree_08.png</url>
  <url>02_zhongjing\tree_09.png</url>
  <url>02_zhongjing\tree_10.png</url>
  <url>02_zhongjing\tree_11.png</url>
  <url>02_zhongjing\tree_12.png</url>
  <url>02_zhongjing\tree_13.png</url>
  <url>02_zhongjing\tree_14.png</url>
  <url>02_zhongjing\tree_15.png</url>
  <url>02_zhongjing\tree_16.png</url>
  <url>03\swamp1_f_1.png</url>
  <url>03\swamp1_f_2.png</url>
  <url>03\swamp1_f_3.png</url>
  <url>03\swamp1_f_4.png</url>
  <url>03\swamp1_f_5.png</url>
  <url>03\swamp1_f_6.png</url>
  <url>03\swamp1_f_7.png</url>
  <url>03\swamp1_f_8.png</url>
  <url>03\swamp2_f_01.png</url>
  <url>03\swamp2_f_02.png</url>
  <url>03\swamp2_f_03.png</url>
  <url>03\swamp2_f_04.png</url>
  <url>03\swamp2_f_05.png</url>
  <url>03\swamp2_f_06.png</url>
  <url>03\swamp2_f_07.png</url>
  <url>03\swamp2_f_08.png</url>
  <url>03\swamp2_f_09.png</url>
  <url>03\swamp2_f_10.png</url>
  <url>03\swamp2_f_11.png</url>
  <url>03\swamp2_f_12.png</url>
  <url>03\swamp2_f_13.png</url>
  <url>03\swamp2_f_14.png</url>
  <url>03\swamp2_f_15.png</url>
  <url>03\swamp2_f_16.png</url>
  <url>03\swamp3_f_01.png</url>
  <url>03\swamp3_f_02.png</url>
  <url>03\swamp3_f_03.png</url>
  <url>03\swamp3_f_04.png</url>
  <url>03\swamp3_f_05.png</url>
  <url>03\swamp3_f_06.png</url>
  <url>03\swamp3_f_07.png</url>
  <url>03\swamp3_f_08.png</url>
  <url>03\swamp3_f_09.png</url>
  <url>03\swamp3_f_10.png</url>
  <url>03\swamp3_f_11.png</url>
  <url>03\swamp4_f_01.png</url>
  <url>03\swamp4_f_02.png</url>
  <url>03\swamp4_f_03.png</url>
  <url>03_zhongjing\swamp_01.png</url>
  <url>03_zhongjing\swamp_02.png</url>
  <url>03_zhongjing\swamp_03.png</url>
  <url>03_zhongjing\swamp_04.png</url>
  <url>03_zhongjing\swamp_05.png</url>
  <url>03_zhongjing\swamp_06.png</url>
  <url>03_zhongjing\swamp_07.png</url>
  <url>03_zhongjing\swamp_08.png</url>
  <url>03_zhongjing\swamp_09.png</url>
  <url>03_zhongjing\swamp_10.png</url>
  <url>03_zhongjing\swamp_11.png</url>
  <url>04\hills1_f_01.png</url>
  <url>04\hills1_f_02.png</url>
  <url>04\hills1_f_03.png</url>
  <url>04\hills1_f_04.png</url>
  <url>04\hills1_f_05.png</url>
  <url>04\hills1_f_06.png</url>
  <url>04\hills1_f_07.png</url>
  <url>04\hills1_f_08.png</url>
  <url>04\hills1_f_09.png</url>
  <url>04\hills1_f_10.png</url>
  <url>04\hills1_f_11.png</url>
  <url>04\hills1_f_12.png</url>
  <url>04\hills1_f_13.png</url>
  <url>04\hills1_f_14.png</url>
  <url>04\hills1_f_15.png</url>
  <url>04\hills1_f_16.png</url>
  <url>04\hills1_f_17.png</url>
  <url>04\hills2_f_01.png</url>
  <url>04\hills2_f_02.png</url>
  <url>04\hills2_f_03.png</url>
  <url>04\hills2_f_04.png</url>
  <url>04\hills2_f_05.png</url>
  <url>04\hills2_f_06.png</url>
  <url>04\hills2_f_07.png</url>
  <url>04\hills2_f_08.png</url>
  <url>04\hills3_f_01.png</url>
  <url>04\hills3_f_02.png</url>
  <url>04\hills3_f_03.png</url>
  <url>04\hills3_f_04.png</url>
  <url>04_zhongjing\hills1_01.png</url>
  <url>04_zhongjing\hills1_02.png</url>
  <url>04_zhongjing\hills1_03.png</url>
  <url>04_zhongjing\hills1_04.png</url>
  <url>04_zhongjing\hills1_05.png</url>
  <url>04_zhongjing\hills1_07.png</url>
  <url>04_zhongjing\hills1_08.png</url>
  <url>04_zhongjing\hills1_09.png</url>
  <url>04_zhongjing\hills1_10.png</url>
  <url>04_zhongjing\hills1_11.png</url>
  <url>04_zhongjing\hills1_12.png</url>
  <url>04_zhongjing\hills1_13.png</url>
  <url>04_zhongjing\hills1_14.png</url>
  <url>04_zhongjing\hills1_15.png</url>
  <url>04_zhongjing\hills1_16.png</url>
  <url>04_zhongjing\hills1_17.png</url>
  <url>04_zhongjing\hills1_18.png</url>
  <url>04_zhongjing\hills1_19.png</url>
  <url>04_zhongjing\hills1_20.png</url>
  <url>04_zhongjing\hills1_21.png</url>
  <url>04_zhongjing\hills1_22.png</url>
  <url>04_zhongjing\hills1_23.png</url>
  <url>04_zhongjing\hills1_24.png</url>
  <url>04_zhongjing\hills1_25.png</url>
  <url>04_zhongjing\hills1_26.png</url>
  <url>04_zhongjing\hills1_27.png</url>
  <url>04_zhongjing\hills1_28.png</url>
  <url>04_zhongjing\hills1_29.png</url>
  <url>05\10.png</url>
  <url>05\snow1_f_01.png</url>
  <url>05\snow1_f_02.png</url>
  <url>05\snow1_f_03.png</url>
  <url>05\snow1_f_04.png</url>
  <url>05\snow1_f_05.png</url>
  <url>05\snow1_f_06.png</url>
  <url>05\snow1_f_07.png</url>
  <url>05\snow1_f_08.png</url>
  <url>05\snow1_f_09.png</url>
  <url>05\snow1_f_10.png</url>
  <url>05\snow1_f_11.png</url>
  <url>05\snow1_f_12.png</url>
  <url>05\snow1_f_13.png</url>
  <url>05\snow1_f_14.png</url>
  <url>05\snow1_f_15.png</url>
  <url>05\snow1_f_16.png</url>
  <url>05\snow1_f_17.png</url>
  <url>05\snow1_f_18.png</url>
  <url>05\snow1_f_19.png</url>
  <url>05\snow1_f_20.png</url>
  <url>05\snow1_f_21.png</url>
  <url>05\snow1_f_22.png</url>
  <url>05\snow1_f_23.png</url>
  <url>05\snow1_f_24.png</url>
  <url>05\snow1_f_25.png</url>
  <url>05\snow1_f_26.png</url>
  <url>05\snow1_f_27.png</url>
  <url>05\snow1_f_28.png</url>
  <url>05\snow1_f_29.png</url>
  <url>05\snow1_f_30.png</url>
  <url>05\snow1_f_31.png</url>
  <url>05\snow1_f_32.png</url>
  <url>05\snow1_f_33.png</url>
  <url>05\snow1_f_34.png</url>
  <url>05\snow1_f_35.png</url>
  <url>05\snow1_f_36.png</url>
  <url>05\snow2_f_01.png</url>
  <url>05\snow2_f_02.png</url>
  <url>05\snow2_f_03.png</url>
  <url>05\snow2_f_04.png</url>
  <url>05\snow2_f_05.png</url>
  <url>05\snow2_f_06.png</url>
  <url>05\snow2_f_07.png</url>
  <url>05\snow2_f_08.png</url>
  <url>05\snow2_f_09.png</url>
  <url>05\snow2_f_10.png</url>
  <url>05\snow2_f_11.png</url>
  <url>05\snow2_f_12.png</url>
  <url>05\snow2_f_13.png</url>
  <url>05\snow2_f_14.png</url>
  <url>05\snow2_f_15.png</url>
  <url>05\snow2_f_16.png</url>
  <url>05\snow3_f_01.png</url>
  <url>05\snow3_f_02.png</url>
  <url>05\snow3_f_03.png</url>
  <url>05\snow3_f_04.png</url>
  <url>05\snow3_f_05.png</url>
  <url>05\snow3_f_06.png</url>
  <url>05\snow3_f_07.png</url>
  <url>05\snow3_f_08.png</url>
  <url>05\snow3_f_09.png</url>
  <url>05_zhongjing\crystal_01.png</url>
  <url>05_zhongjing\crystal_02.png</url>
  <url>05_zhongjing\snow1_01.png</url>
  <url>05_zhongjing\snow1_02.png</url>
  <url>05_zhongjing\snow1_04.png</url>
  <url>05_zhongjing\snow1_05.png</url>
  <url>05_zhongjing\snow1_06.png</url>
  <url>05_zhongjing\snow1_07.png</url>
  <url>05_zhongjing\snow1_08.png</url>
  <url>05_zhongjing\snow1_09.png</url>
  <url>05_zhongjing\snow1_10.png</url>
  <url>05_zhongjing\snow1_11.png</url>
  <url>05_zhongjing\snow1_12.png</url>
  <url>05_zhongjing\snow1_13.png</url>
  <url>05_zhongjing\snow1_14.png</url>
  <url>05_zhongjing\snow1_15.png</url>
  <url>05_zhongjing\snow1_16.png</url>
  <url>05_zhongjing\snow1_17.png</url>
  <url>06\1.png</url>
  <url>06\10.png</url>
  <url>06\11.png</url>
  <url>06\12.png</url>
  <url>06\1_1.png</url>
  <url>06\1_10.png</url>
  <url>06\1_12.png</url>
  <url>06\1_13.png</url>
  <url>06\1_14.png</url>
  <url>06\1_15.png</url>
  <url>06\1_16.png</url>
  <url>06\1_17.png</url>
  <url>06\1_18.png</url>
  <url>06\1_19.png</url>
  <url>06\1_20.png</url>
  <url>06\1_21.png</url>
  <url>06\1_23.png</url>
  <url>06\1_26.png</url>
  <url>06\1_29.jpg</url>
  <url>06\1_3.png</url>
  <url>06\1_31.jpg</url>
  <url>06\1_32.jpg</url>
  <url>06\1_33.png</url>
  <url>06\1_4.png</url>
  <url>06\1_5.png</url>
  <url>06\1_6.png</url>
  <url>06\1_7.png</url>
  <url>06\2.png</url>
  <url>06\3.png</url>
  <url>06\4.png</url>
  <url>06\5.png</url>
  <url>06\6.png</url>
  <url>06\7.png</url>
  <url>06\8.png</url>
  <url>06\9.png</url>
  <url>07\1.png</url>
  <url>07\10.png</url>
  <url>07\11.png</url>
  <url>07\12.png</url>
  <url>07\1_10.png</url>
  <url>07\1_11.png</url>
  <url>07\1_12.png</url>
  <url>07\1_13.png</url>
  <url>07\1_14.png</url>
  <url>07\1_16.png</url>
  <url>07\1_17.png</url>
  <url>07\1_18.png</url>
  <url>07\1_19.png</url>
  <url>07\1_2.png</url>
  <url>07\1_20.jpg</url>
  <url>07\1_21.jpg</url>
  <url>07\1_22.png</url>
  <url>07\1_23.jpg</url>
  <url>07\1_24.png</url>
  <url>07\1_25.png</url>
  <url>07\1_26.png</url>
  <url>07\1_27.png</url>
  <url>07\1_28.png</url>
  <url>07\1_29.png</url>
  <url>07\1_3.png</url>
  <url>07\1_30.png</url>
  <url>07\1_31.png</url>
  <url>07\1_4.png</url>
  <url>07\1_5.png</url>
  <url>07\1_6.png</url>
  <url>07\1_7.png</url>
  <url>07\1_8.png</url>
  <url>07\1_9.png</url>
  <url>07\2.png</url>
  <url>07\3.png</url>
  <url>07\4.png</url>
  <url>07\5.png</url>
  <url>07\6.png</url>
  <url>07\7.png</url>
  <url>07\8.png</url>
  <url>07\9.png</url>
  <url>08\sea_f_1.png</url>
  <url>08\sea_f_10.png</url>
  <url>08\sea_f_11.png</url>
  <url>08\sea_f_12.png</url>
  <url>08\sea_f_13.png</url>
  <url>08\sea_f_14.png</url>
  <url>08\sea_f_15.png</url>
  <url>08\sea_f_16.png</url>
  <url>08\sea_f_17.png</url>
  <url>08\sea_f_18.png</url>
  <url>08\sea_f_19.png</url>
  <url>08\sea_f_2.png</url>
  <url>08\sea_f_3.png</url>
  <url>08\sea_f_4.png</url>
  <url>08\sea_f_5.png</url>
  <url>08\sea_f_6.png</url>
  <url>08\sea_f_7.png</url>
  <url>08\sea_f_8.png</url>
  <url>08\sea_f_9.png</url>
  <url>08_beijing\sea_bg01.jpg</url>
  <url>08_beijing\sea_bg02.jpg</url>
  <url>08_beijing\sea_bg03.png</url>
  <url>08_beijing\sea_bg04.PNG</url>
  <url>08_beijing\sea_bg05.PNG</url>
  <url>08_zhongjing\sea_01.png</url>
  <url>08_zhongjing\sea_02.png</url>
  <url>08_zhongjing\sea_03.png</url>
  <url>08_zhongjing\sea_04.png</url>
  <url>08_zhongjing\sea_05.png</url>
  <url>08_zhongjing\sea_06.png</url>
  <url>08_zhongjing\sea_07.png</url>
  <url>08_zhongjing\sea_08.png</url>
  <url>08_zhongjing\sea_09.png</url>
  <url>08_zhongjing\sea_10.png</url>
  <url>08_zhongjing\sea_11.png</url>
  <url>08_zhongjing\sea_12.png</url>
  <url>08_zhongjing\sea_13.png</url>
  <url>08_zhongjing\sea_14.png</url>
  <url>08_zhongjing\sea_15.png</url>
  <url>08_zhongjing\sea_16.png</url>
  <url>08_zhongjing\sea_17.png</url>
  <url>08_zhongjing\sea_18.png</url>
  <url>08_zhongjing\sea_19.png</url>
  <url>08_zhongjing\sea_20.png</url>
  <url>08_zhongjing\sea_21.png</url>
  <url>08_zhongjing\sea_22.png</url>
  <url>08_zhongjing\sea_23.png</url>
  <url>08_zhongjing\sea_24.png</url>
  <url>08_zhongjing\sea_25.png</url>
  <url>08_zhongjing\sea_26.png</url>
  <url>08_zhongjing\sea_27.png</url>
  <url>08_zhongjing\sea_28.png</url>
  <url>08_zhongjing\sea_29.png</url>
  <url>09\09_01.png</url>
  <url>09\09_02.png</url>
  <url>09\09_03.png</url>
  <url>09\09_04.png</url>
  <url>09\09_05.png</url>
  <url>09\09_06.png</url>
  <url>09\09_07.png</url>
  <url>09\09_08.png</url>
  <url>09\09_09.png</url>
  <url>09\09_10.png</url>
  <url>09\09_11.png</url>
  <url>09\09_12.png</url>
  <url>09\09_14.png</url>
  <url>09\09_15.png</url>
  <url>09\09_16.png</url>
  <url>09\09_17.png</url>
  <url>09\09_18.png</url>
  <url>09\09_19.png</url>
  <url>09\09_20.png</url>
  <url>09\09_21.png</url>
  <url>09\09_22.png</url>
  <url>09\09_24.png</url>
  <url>09\09_25.png</url>
  <url>09\09_26.png</url>
  <url>09\09_27.png</url>
  <url>09\09_28.png</url>
  <url>09\09_29.png</url>
  <url>09\09_30.png</url>
  <url>09\09_31.png</url>
  <url>09\09_32.png</url>
  <url>09\09_33.png</url>
  <url>09\09_34.png</url>
  <url>09\09_35.png</url>
  <url>09\09_36.png</url>
  <url>09\09_37.png</url>
  <url>09\09_38.png</url>
  <url>09\09_39.png</url>
  <url>09\09_40.png</url>
  <url>09\09_41.png</url>
  <url>09\09_42.png</url>
  <url>09\09_43.png</url>
  <url>09\09_45.png</url>
  <url>09\09_46.png</url>
  <url>09\09_47.png</url>
  <url>09\09_49.png</url>
  <url>09\09_50.png</url>
  <url>09\09_51.png</url>
  <url>09\09_52.png</url>
  <url>09\09_53.png</url>
  <url>09\09_54.png</url>
  <url>09\09_55.png</url>
  <url>09\09_56.png</url>
  <url>09\09_57.png</url>
  <url>09\09_58.png</url>
  <url>09\09_59.png</url>
  <url>09\09_60.png</url>
  <url>09\09_61.png</url>
  <url>09\09_62.png</url>
  <url>09\09_63.png</url>
  <url>10\1.png</url>
  <url>10\10.png</url>
  <url>10\11.png</url>
  <url>10\12.png</url>
  <url>10\13.png</url>
  <url>10\14.png</url>
  <url>10\15.png</url>
  <url>10\16.png</url>
  <url>10\17.png</url>
  <url>10\18.png</url>
  <url>10\19.png</url>
  <url>10\2.png</url>
  <url>10\20.png</url>
  <url>10\21.png</url>
  <url>10\22.png</url>
  <url>10\23.png</url>
  <url>10\24.png</url>
  <url>10\25.png</url>
  <url>10\26.png</url>
  <url>10\27.png</url>
  <url>10\28.png</url>
  <url>10\29.png</url>
  <url>10\3.png</url>
  <url>10\30.png</url>
  <url>10\31.png</url>
  <url>10\32.png</url>
  <url>10\33.png</url>
  <url>10\34.png</url>
  <url>10\35.png</url>
  <url>10\36.png</url>
  <url>10\37.png</url>
  <url>10\38.png</url>
  <url>10\39.png</url>
  <url>10\4.png</url>
  <url>10\40.png</url>
  <url>10\41.png</url>
  <url>10\42.png</url>
  <url>10\43.png</url>
  <url>10\44.png</url>
  <url>10\45.png</url>
  <url>10\46.png</url>
  <url>10\47.png</url>
  <url>10\5.png</url>
  <url>10\6.png</url>
  <url>10\7.png</url>
  <url>10\8.png</url>
  <url>10\9.png</url>
  <url>11\1.png</url>
  <url>11\10.png</url>
  <url>11\11.png</url>
  <url>11\12.png</url>
  <url>11\2.png</url>
  <url>11\3.png</url>
  <url>11\4.png</url>
  <url>11\5.png</url>
  <url>11\6.png</url>
  <url>11\7.png</url>
  <url>11\8.png</url>
  <url>11\9.png</url>
  <url>12\12_01.png</url>
  <url>12\12_02.png</url>
  <url>12\12_03.png</url>
  <url>12\12_04.png</url>
  <url>12\12_05.png</url>
  <url>12\12_06.png</url>
  <url>12\12_07.png</url>
  <url>12\12_08.png</url>
  <url>12\12_09.png</url>
  <url>12\12_10.png</url>
  <url>12\12_11.png</url>
  <url>12\12_12.png</url>
  <url>12\12_13.png</url>
  <url>12\12_14.png</url>
  <url>12\12_15.png</url>
  <url>12\12_16.png</url>
  <url>12\12_17.png</url>
  <url>12\12_18.png</url>
  <url>12\12_19.png</url>
  <url>12\12_20.png</url>
  <url>13\1-11.png</url>
  <url>13\1-12.png</url>
  <url>13\1_001.png</url>
  <url>13\1_0010.png</url>
  <url>13\1_0011.png</url>
  <url>13\1_0012.png</url>
  <url>13\1_0013.png</url>
  <url>13\1_0014.png</url>
  <url>13\1_0015.png</url>
  <url>13\1_002.png</url>
  <url>13\1_003.png</url>
  <url>13\1_004.png</url>
  <url>13\1_005.png</url>
  <url>13\1_006.png</url>
  <url>13\1_007.png</url>
  <url>13\1_008.png</url>
  <url>13\1_009.png</url>
  <url>13\1_017.png</url>
  <url>13\1_13.png</url>
  <url>13\1_14.png</url>
  <url>13\1_15.png</url>
  <url>13\1_16.png</url>
  <url>13\1_17.png</url>
  <url>13\1_18.png</url>
  <url>13\1_19.png</url>
  <url>13\1_20.png</url>
  <url>13\1_21.png</url>
  <url>13\1_22.png</url>
  <url>13\1_23.png</url>
  <url>13\1_24.png</url>
  <url>13\1_25.png</url>
  <url>13\1_26.png</url>
  <url>13\1_27.png</url>
  <url>13\1_28.png</url>
  <url>13\1_29.png</url>
  <url>13\1_30.png</url>
  <url>13\1_31.png</url>
  <url>13\1_32.png</url>
  <url>13\1_33.png</url>
  <url>13\1_34.png</url>
  <url>13\1_35.png</url>
  <url>13\1_36.png</url>
  <url>13\1_37.png</url>
  <url>13\1_38.png</url>
  <url>13\1_39.png</url>
  <url>13\1_40.png</url>
  <url>13\1_41.png</url>
  <url>13\1_42.png</url>
  <url>13\1_43.png</url>
  <url>13\1_44.png</url>
  <url>13\1_45.png</url>
  <url>13\1_46.png</url>
  <url>13\1_47.png</url>
  <url>13\1_48.png</url>
  <url>13\1_49.png</url>
  <url>13\1_50.png</url>
  <url>13\1_51.png</url>
  <url>13\1_52.png</url>
  <url>13\1_53.png</url>
  <url>13\1_54.png</url>
  <url>14\001 .png</url>
  <url>14\001.png</url>
  <url>14\002.png</url>
  <url>14\003.png</url>
  <url>14\004.png</url>
  <url>14\005.png</url>
  <url>14\006.png</url>
  <url>14\007.png</url>
  <url>14\008.png</url>
  <url>14\009.png</url>
  <url>14\010.png</url>
  <url>14\011.png</url>
  <url>14\012.png</url>
  <url>14\013.png</url>
  <url>14\014.png</url>
  <url>14\015.png</url>
  <url>14\016.png</url>
  <url>14\017.png</url>
  <url>14\018.png</url>
  <url>14\023.png</url>
  <url>14\028.png</url>
  <url>14\029.png</url>
  <url>14\030.png</url>
  <url>14\1.png</url>
  <url>14\10.png</url>
  <url>14\11.png</url>
  <url>14\12.png</url>
  <url>14\13.png</url>
  <url>14\14.png</url>
  <url>14\15.png</url>
  <url>14\16.png</url>
  <url>14\17.png</url>
  <url>14\18.png</url>
  <url>14\19.png</url>
  <url>14\2.png</url>
  <url>14\20.png</url>
  <url>14\21.png</url>
  <url>14\22.png</url>
  <url>14\23.png</url>
  <url>14\24.png</url>
  <url>14\3.png</url>
  <url>14\4.png</url>
  <url>14\5.png</url>
  <url>14\6.png</url>
  <url>14\7.png</url>
  <url>14\8.png</url>
  <url>14\9.png</url>
  <url>15\001 .png</url>
  <url>15\002.png</url>
  <url>15\003.png</url>
  <url>15\004.png</url>
  <url>15\005.png</url>
  <url>15\006.png</url>
  <url>15\007.png</url>
  <url>15\008.png</url>
  <url>15\009.png</url>
  <url>15\010.png</url>
  <url>15\011.png</url>
  <url>15\012.png</url>
  <url>15\013.png</url>
  <url>15\014.png</url>
  <url>15\015.png</url>
  <url>15\016.png</url>
  <url>15\017.png</url>
  <url>15\018.png</url>
  <url>15\1.png</url>
  <url>15\10.png</url>
  <url>15\11.png</url>
  <url>15\12.png</url>
  <url>15\13.png</url>
  <url>15\14.png</url>
  <url>15\15.png</url>
  <url>15\16.png</url>
  <url>15\17.png</url>
  <url>15\18.png</url>
  <url>15\2.png</url>
  <url>15\4.png</url>
  <url>15\5.png</url>
  <url>15\6.png</url>
  <url>15\7.png</url>
  <url>15\8.png</url>
  <url>15\9.png</url>
  <url>beijing\baise.png</url>
  <url>beijing\bg04.jpg</url>
  <url>beijing\bg05.jpg</url>
  <url>beijing\bg06.jpg</url>
  <url>beijing\bg27.jpg</url>
  <url>beijing\bg_1000.png</url>
  <url>beijing\bg_1002.png</url>
  <url>beijing\black_01.jpg</url>
  <url>beijing\black_02.jpg</url>
  <url>beijing\digong_01.jpg</url>
  <url>beijing\digong_02.jpg</url>
  <url>beijing\dixia_01.jpg</url>
  <url>beijing\hills_01.jpg</url>
  <url>beijing\hills_02.jpg</url>
  <url>beijing\hills_03.jpg</url>
  <url>beijing\konglong_01.png</url>
  <url>beijing\konglong_02.png</url>
  <url>beijing\plain_01.jpg</url>
  <url>beijing\plain_02.jpg</url>
  <url>beijing\plain_03.jpg</url>
  <url>beijing\room.png</url>
  <url>beijing\seasky_01.png</url>
  <url>beijing\seasky_02.png</url>
  <url>beijing\seasky_03.png</url>
  <url>beijing\seasky_04.png</url>
  <url>beijing\seasky_05.png</url>
  <url>beijing\seasky_06.png</url>
  <url>beijing\shaolin_01.jpg</url>
  <url>beijing\shaolin_02.jpg</url>
  <url>beijing\snow_01.jpg</url>
  <url>beijing\snow_02.jpg</url>
  <url>beijing\snow_03.jpg</url>
  <url>beijing\swamp_01.jpg</url>
  <url>beijing\swamp_02.jpg</url>
  <url>beijing\swamp_03.jpg</url>
  <url>beijing\toy.png</url>
  <url>beijing\tree_01.jpg</url>
  <url>beijing\tree_02.jpg</url>
  <url>beijing\tree_03.jpg</url>
  <url>beijing\zhanchang.jpg</url>
  <url>build\1.png</url>
  <url>build\2.png</url>
  <url>chuansong\chuansong\chuansong_0001.png</url>
  <url>chuansong\chuansong\chuansong_0002.png</url>
  <url>chuansong\chuansong\chuansong_0003.png</url>
  <url>chuansong\chuansong\chuansong_0004.png</url>
  <url>chuansong\chuansong\chuansong_0005.png</url>
  <url>chuansong\chuansong\chuansong_0006.png</url>
  <url>chuansong\chuansong\chuansong_0007.png</url>
  <url>chuansong\chuansong\chuansong_0008.png</url>
  <url>chuansong\chuansong\chuansong_0009.png</url>
  <url>chuansong\chuansong\chuansong_0010.png</url>
  <url>chuansong\chuansong\chuansong_0011.png</url>
  <url>chuansong\chuansong\chuansong_0012.png</url>
  <url>chuansong\chuansong\chuansong_0013.png</url>
  <url>chuansong\chuansong\chuansong_0014.png</url>
  <url>chuansong\chuansong.zip</url>
  <url>dynamic_ad\1_0001.png</url>
  <url>dynamic_ad\1_0002.png</url>
  <url>dynamic_ad\1_0003.png</url>
  <url>dynamic_ad\1_0004.png</url>
  <url>dynamic_ad\1_0005.png</url>
  <url>dynamic_ad\1_0006.png</url>
  <url>dynamic_ad\2_0001.png</url>
  <url>dynamic_ad\2_0002.png</url>
  <url>dynamic_ad\2_0003.png</url>
  <url>dynamic_ad\2_0004.png</url>
  <url>dynamic_ad\2_0005.png</url>
  <url>dynamic_ad\2_0006.png</url>
  <url>dynamic_ysc\1_0001.png</url>
  <url>dynamic_ysc\1_0002.png</url>
  <url>dynamic_ysc\1_0003.png</url>
  <url>dynamic_ysc\1_0004.png</url>
  <url>dynamic_ysc\1_0005.png</url>
  <url>dynamic_ysc\1_0006.png</url>
  <url>dynamic_ysc\2_0001.png</url>
  <url>dynamic_ysc\2_0002.png</url>
  <url>dynamic_ysc\2_0003.png</url>
  <url>dynamic_ysc\3_0001.png</url>
  <url>dynamic_ysc\3_0002.png</url>
  <url>dynamic_ysc\3_0003.png</url>
  <url>dynamic_ysc\4_0001.png</url>
  <url>dynamic_ysc\4_0002.png</url>
  <url>dynamic_ysc\4_0003.png</url>
  <url>dynamic_ysc\4_0004.png</url>
  <url>dynamic_ysc\4_0005.png</url>
  <url>dynamic_ysc\4_0006.png</url>
  <url>dynamic_ysc\5001_0001.png</url>
  <url>dynamic_ysc\5001_0002.png</url>
  <url>dynamic_ysc\5001_0003.png</url>
  <url>dynamic_ysc\5001_0004.png</url>
  <url>dynamic_ysc\5001_0005.png</url>
  <url>dynamic_ysc\5001_0006.png</url>
  <url>dynamic_ysc\5001_0007.png</url>
  <url>jieshi\2_1.png</url>
  <url>jieshi\2_10.png</url>
  <url>jieshi\2_11.png</url>
  <url>jieshi\2_12.png</url>
  <url>jieshi\2_13.png</url>
  <url>jieshi\2_14.png</url>
  <url>jieshi\2_15.png</url>
  <url>jieshi\2_16.png</url>
  <url>jieshi\2_17.png</url>
  <url>jieshi\2_18.png</url>
  <url>jieshi\2_19.png</url>
  <url>jieshi\2_2.png</url>
  <url>jieshi\2_20.png</url>
  <url>jieshi\2_21.png</url>
  <url>jieshi\2_22.png</url>
  <url>jieshi\2_23.png</url>
  <url>jieshi\2_24.png</url>
  <url>jieshi\2_25.png</url>
  <url>jieshi\2_26.png</url>
  <url>jieshi\2_27.png</url>
  <url>jieshi\2_28.png</url>
  <url>jieshi\2_29.png</url>
  <url>jieshi\2_3.png</url>
  <url>jieshi\2_30.png</url>
  <url>jieshi\2_31.png</url>
  <url>jieshi\2_32.png</url>
  <url>jieshi\2_33.png</url>
  <url>jieshi\2_34.png</url>
  <url>jieshi\2_35.png</url>
  <url>jieshi\2_36.png</url>
  <url>jieshi\2_37.png</url>
  <url>jieshi\2_38.png</url>
  <url>jieshi\2_39.png</url>
  <url>jieshi\2_4.png</url>
  <url>jieshi\2_40.png</url>
  <url>jieshi\2_41.png</url>
  <url>jieshi\2_42.png</url>
  <url>jieshi\2_43.png</url>
  <url>jieshi\2_44.png</url>
  <url>jieshi\2_45.png</url>
  <url>jieshi\2_46.png</url>
  <url>jieshi\2_47.png</url>
  <url>jieshi\2_48.png</url>
  <url>jieshi\2_49.png</url>
  <url>jieshi\2_5.png</url>
  <url>jieshi\2_50.png</url>
  <url>jieshi\2_51.png</url>
  <url>jieshi\2_52.png</url>
  <url>jieshi\2_53.png</url>
  <url>jieshi\2_54.png</url>
  <url>jieshi\2_55.png</url>
  <url>jieshi\2_56.png</url>
  <url>jieshi\2_57.png</url>
  <url>jieshi\2_58.png</url>
  <url>jieshi\2_59.png</url>
  <url>jieshi\2_6.png</url>
  <url>jieshi\2_60.png</url>
  <url>jieshi\2_61.png</url>
  <url>jieshi\2_62.png</url>
  <url>jieshi\2_63.png</url>
  <url>jieshi\2_64.png</url>
  <url>jieshi\2_65.png</url>
  <url>jieshi\2_66.png</url>
  <url>jieshi\2_67.png</url>
  <url>jieshi\2_68.png</url>
  <url>jieshi\2_69.png</url>
  <url>jieshi\2_7.png</url>
  <url>jieshi\2_8.png</url>
  <url>jieshi\2_9.png</url>
  <url>jingjichang\1_01.png</url>
  <url>jingjichang\1_02.png</url>
  <url>jingjichang\1_03.png</url>
  <url>jingjichang\1_04.png</url>
  <url>jingjichang\1_05.png</url>
  <url>jingjichang\1_06.png</url>
  <url>jingjichang\1_07.png</url>
  <url>jingjichang\1_08.png</url>
  <url>jingjichang\1_09.png</url>
  <url>jingjichang\1_10.png</url>
  <url>jingjichang\1_11.png</url>
  <url>jingjichang\1_12.png</url>
  <url>jingjichang\1_13.png</url>
  <url>jingjichang\1_14.png</url>
  <url>jingjichang\1_15.png</url>
  <url>jingjichang\1_16.png</url>
  <url>jingjichang\1_17.png</url>
  <url>jingjichang\1_18.png</url>
  <url>jingjichang\1_19.png</url>
  <url>jingjichang\1_20.png</url>
  <url>jingjichang\1_21.png</url>
  <url>jingjichang\1_22.png</url>
  <url>jingjichang\1_23.png</url>
  <url>kk.xml</url>
  <url>lumian\1.png</url>
  <url>lumian\10.png</url>
  <url>lumian\11.png</url>
  <url>lumian\12.png</url>
  <url>lumian\13.png</url>
  <url>lumian\14.png</url>
  <url>lumian\15.png</url>
  <url>lumian\16.png</url>
  <url>lumian\17.png</url>
  <url>lumian\18.png</url>
  <url>lumian\19.png</url>
  <url>lumian\2.png</url>
  <url>lumian\20.png</url>
  <url>lumian\21.png</url>
  <url>lumian\22.png</url>
  <url>lumian\23.png</url>
  <url>lumian\24.png</url>
  <url>lumian\25.png</url>
  <url>lumian\26.png</url>
  <url>lumian\27.png</url>
  <url>lumian\28.png</url>
  <url>lumian\29.png</url>
  <url>lumian\3.png</url>
  <url>lumian\30.png</url>
  <url>lumian\31.png</url>
  <url>lumian\32.png</url>
  <url>lumian\33.png</url>
  <url>lumian\34.png</url>
  <url>lumian\35.png</url>
  <url>lumian\36.png</url>
  <url>lumian\37.png</url>
  <url>lumian\38.png</url>
  <url>lumian\39.png</url>
  <url>lumian\4.png</url>
  <url>lumian\40.png</url>
  <url>lumian\5.png</url>
  <url>lumian\6.png</url>
  <url>lumian\7.png</url>
  <url>lumian\8.png</url>
  <url>lumian\9.png</url>
  <url>moguxiaozhen\mgxz_01.jpg</url>
  <url>moguxiaozhen\mgxz_02.jpg</url>
  <url>moguxiaozhen\mgxz_03.jpg</url>
  <url>moguxiaozhen\mgxz_04.jpg</url>
  <url>moguxiaozhen\mgxz_05.jpg</url>
  <url>moguxiaozhen\mgxz_06.jpg</url>
  <url>moguxiaozhen\mgxz_07.jpg</url>
  <url>moguxiaozhen\mgxz_08.jpg</url>
  <url>moguxiaozhen\mgxz_09.jpg</url>
  <url>moguxiaozhen\mgxz_10.jpg</url>
  <url>moguxiaozhen\mgxz_11.jpg</url>
  <url>moguxiaozhen\mgxz_12.jpg</url>
  <url>moguxiaozhen\mgxz_13.jpg</url>
  <url>moguxiaozhen\mgxz_14.jpg</url>
  <url>moguxiaozhen\mgxz_15.jpg</url>
  <url>moguxiaozhen\mgxz__07.png</url>
  <url>moguxiaozhen\mgxz__08.png</url>
  <url>moguxiaozhen\mgxz__09.png</url>
  <url>moguxiaozhen\mgxz__10.png</url>
  <url>moguxiaozhen\mgxz__11.png</url>
  <url>moguxiaozhen\mgxz__12.png</url>
  <url>moguxiaozhen\mgxz__13.png</url>
  <url>moguxiaozhen\mgxz__14.png</url>
  <url>moguxiaozhen\mgxz__15.png</url>
  <url>moguxiaozhen\mgxz__16.png</url>
  <url>moguxiaozhen\mgxz__17.png</url>
  <url>moguxiaozhen\mgxz__18.png</url>
  <url>moguxiaozhen\mgxz__19.png</url>
  <url>moguxiaozhen\mgxz__20.png</url>
  <url>moguxiaozhen\mgxz__21.png</url>
  <url>moguxiaozhen\mgxz__22.png</url>
  <url>moguxiaozhen\mgxz__23.png</url>
  <url>moguxiaozhen\mgxz__24.png</url>
  <url>piece.zip</url>
  <url>tiankongzhicheng\tkzc_01.jpg</url>
  <url>tiankongzhicheng\tkzc_02.jpg</url>
  <url>tiankongzhicheng\tkzc_03.jpg</url>
  <url>tiankongzhicheng\tkzc_04.jpg</url>
  <url>tiankongzhicheng\tkzc_05.jpg</url>
  <url>tiankongzhicheng\tkzc_06.jpg</url>
  <url>tiankongzhicheng\tkzc_07.jpg</url>
  <url>tiankongzhicheng\tkzc_08.jpg</url>
  <url>tiankongzhicheng\tkzc_09.jpg</url>
  <url>tiankongzhicheng\tkzc_10.jpg</url>
  <url>tiankongzhicheng\tkzc_11.jpg</url>
  <url>tiankongzhicheng\tkzc_12.jpg</url>
  <url>tiankongzhicheng\tkzc_13.jpg</url>
  <url>tiankongzhicheng\tkzc_14.jpg</url>
  <url>tiankongzhicheng\tkzc_15.jpg</url>
  <url>tiankongzhicheng\tkzc_16.jpg</url>
  <url>tiankongzhicheng\tkzc_17.jpg</url>
  <url>tiankongzhicheng\tkzc_18.jpg</url>
  <url>tiankongzhicheng\tkzc_19.jpg</url>
  <url>tiankongzhicheng\tkzc_20.jpg</url>
  <url>tiankongzhicheng\tkzc_21.jpg</url>
  <url>tiankongzhicheng\tkzc_22.jpg</url>
  <url>tiankongzhicheng\tkzc_23.jpg</url>
  <url>tiankongzhicheng\tkzc_24.jpg</url>
  <url>tiankongzhicheng\tkzc_25.jpg</url>
  <url>tiankongzhicheng\tkzc_26.jpg</url>
  <url>tiankongzhicheng\tkzc_27.jpg</url>
  <url>tiankongzhicheng\tkzc_28.jpg</url>
  <url>tiankongzhicheng\tkzy_01.png</url>
  <url>tiankongzhicheng\tkzy_02.png</url>
  <url>tiankongzhicheng\tkzy_03.png</url>
  <url>tiankongzhicheng\tkzy_04.png</url>
  <url>tiankongzhicheng\tkzy_05.png</url>
  <url>tiankongzhicheng\tkzy_06.png</url>
  <url>tiankongzhicheng\tkzy_07.png</url>
  <url>tiankongzhicheng\tkzy_08.png</url>
  <url>tiankongzhicheng\tkzy_09.png</url>
  <url>tiankongzhicheng\tkzy_10.png</url>
  <url>tiankongzhicheng\tkzy_11.png</url>
  <url>tiankongzhicheng\tkzy_12.png</url>
  <url>tiankongzhicheng\tkzy_13.png</url>
  <url>tiankongzhicheng\tkzy_14.png</url>
  <url>tiankongzhicheng\tkzy_15.png</url>
  <url>tiankongzhicheng\tkzy_16.png</url>
  <url>tiankongzhicheng\tkzy_17.png</url>
  <url>tiankongzhicheng\tkzy_18.png</url>
  <url>tiankongzhicheng\tkzy_19.png</url>
  <url>tiankongzhicheng\tkzy_20.png</url>
  <url>tiankongzhicheng\tkzy_21.png</url>
  <url>tiankongzhicheng\tkzy_22.png</url>
  <url>tiankongzhicheng\tkzy_23.png</url>
  <url>tiankongzhicheng\tkzy_24.png</url>
  <url>tiankongzhicheng\tkzy_25.png</url>
  <url>tiankongzhicheng\tkzy_26.png</url>
  <url>tiankongzhicheng\tkzy_27.png</url>
  <url>tiankongzhicheng\tkzy_28.png</url>
  <url>tree\tree.png</url>
  <url>tree\tree2.png</url>
  <url>tree\tree3.png</url>
  <url>tree\tree4.png</url>
  <url>tree\tree5.png</url>
  <url>tree\tree6.png</url>
  <url>yuansecun\ysc_01.jpg</url>
  <url>yuansecun\ysc_01.png</url>
  <url>yuansecun\ysc_02.jpg</url>
  <url>yuansecun\ysc_02.png</url>
  <url>yuansecun\ysc_03.jpg</url>
  <url>yuansecun\ysc_03.png</url>
  <url>yuansecun\ysc_04.jpg</url>
  <url>yuansecun\ysc_04.png</url>
  <url>yuansecun\ysc_05.jpg</url>
  <url>yuansecun\ysc_05.png</url>
  <url>yuansecun\ysc_06.jpg</url>
  <url>yuansecun\ysc_06.png</url>
  <url>yuansecun\ysc_07.jpg</url>
  <url>yuansecun\ysc_07.png</url>
  <url>yuansecun\ysc_08.jpg</url>
  <url>yuansecun\ysc_08.png</url>
  <url>yuansecun\ysc_09.jpg</url>
  <url>yuansecun\ysc_09.png</url>
  <url>yuansecun\ysc_10.jpg</url>
  <url>yuansecun\ysc_10.png</url>
  <url>yuansecun\ysc_11.png</url>
  <url>yuansecun\ysc_12.png</url>
</imageUrl>